{
  "Set Local Environment Vars" : true,
  "Tags" : [

  ],
  "Ansi 12 Color" : {
    "Red Component" : 0.72156863999999998,
    "Color Space" : "sRGB",
    "Blue Component" : 0.72156863999999998,
    "Green Component" : 0.72156863999999998
  },
  "Guid" : "517520C4-6664-4FB5-A4F6-89C627EB1BE0",
  "Draw Powerline Glyphs" : true,
  "Bold Color" : {
    "Red Component" : 0.84705883000000004,
    "Color Space" : "sRGB",
    "Blue Component" : 0.84705883000000004,
    "Green Component" : 0.84705883000000004
  },
  "Ansi 7 Color" : {
    "Red Component" : 0.84705883000000004,
    "Color Space" : "sRGB",
    "Blue Component" : 0.84705883000000004,
    "Green Component" : 0.84705883000000004
  },
  "Ansi 8 Color" : {
    "Red Component" : 0.34509804999999999,
    "Color Space" : "sRGB",
    "Blue Component" : 0.34509804999999999,
    "Green Component" : 0.34509804999999999
  },
  "Ansi 9 Color" : {
    "Red Component" : 0.86274510000000004,
    "Color Space" : "sRGB",
    "Blue Component" : 0.33725490000000002,
    "Green Component" : 0.58823530000000002
  },
  "Rows" : 35,
  "Default Bookmark" : "No",
  "Horizontal Spacing" : 1,
  "Ansi 4 Color" : {
    "Red Component" : 0.4862745,
    "Color Space" : "sRGB",
    "Blue Component" : 0.76078429999999997,
    "Green Component" : 0.68627450000000001
  },
  "Cursor Guide Color" : {
    "Red Component" : 0.70213186740875244,
    "Color Space" : "sRGB",
    "Blue Component" : 1,
    "Alpha Component" : 0.25,
    "Green Component" : 0.9268307089805603
  },
  "Non-ASCII Anti Aliased" : true,
  "Use Bright Bold" : true,
  "Ansi 10 Color" : {
    "Red Component" : 0.15686275,
    "Color Space" : "sRGB",
    "Blue Component" : 0.15686275,
    "Green Component" : 0.15686275
  },
  "Icon" : 1,
  "Ambiguous Double Width" : false,
  "Jobs to Ignore" : [
    "rlogin",
    "ssh",
    "slogin",
    "telnet"
  ],
  "Show Status Bar" : true,
  "Ansi 15 Color" : {
    "Red Component" : 0.972549,
    "Color Space" : "sRGB",
    "Blue Component" : 0.972549,
    "Green Component" : 0.972549
  },
  "Foreground Color" : {
    "Red Component" : 0.84705883000000004,
    "Color Space" : "sRGB",
    "Blue Component" : 0.84705883000000004,
    "Green Component" : 0.84705883000000004
  },
  "Working Directory" : "\/Users\/simon",
  "Blinking Cursor" : true,
  "Disable Window Resizing" : true,
  "Sync Title" : false,
  "Prompt Before Closing 2" : false,
  "BM Growl" : true,
  "Mouse Reporting" : false,
  "Command" : "",
  "Description" : "Default",
  "Screen" : -1,
  "Selection Color" : {
    "Red Component" : 0.21960784,
    "Color Space" : "sRGB",
    "Blue Component" : 0.21960784,
    "Green Component" : 0.21960784
  },
  "Columns" : 110,
  "Idle Code" : 0,
  "Ansi 13 Color" : {
    "Red Component" : 0.9098039,
    "Color Space" : "sRGB",
    "Blue Component" : 0.9098039,
    "Green Component" : 0.9098039
  },
  "Title Components" : 390,
  "Custom Command" : "No",
  "ASCII Anti Aliased" : true,
  "Non Ascii Font" : "Monaco 12",
  "Vertical Spacing" : 1,
  "Use Bold Font" : false,
  "Option Key Sends" : 0,
  "Selected Text Color" : {
    "Red Component" : 0.84705883000000004,
    "Color Space" : "sRGB",
    "Blue Component" : 0.84705883000000004,
    "Green Component" : 0.84705883000000004
  },
  "Background Color" : {
    "Red Component" : 0.094117649999999997,
    "Color Space" : "sRGB",
    "Blue Component" : 0.094117649999999997,
    "Green Component" : 0.094117649999999997
  },
  "Character Encoding" : 4,
  "Ansi 11 Color" : {
    "Red Component" : 0.21960784,
    "Color Space" : "sRGB",
    "Blue Component" : 0.21960784,
    "Green Component" : 0.21960784
  },
  "Use Italic Font" : true,
  "Unlimited Scrollback" : true,
  "Keyboard Map" : {
    "0xf700-0x260000" : {
      "Text" : "[1;6A",
      "Action" : 10
    },
    "0x37-0x40000" : {
      "Text" : "0x1f",
      "Action" : 11
    },
    "0x32-0x40000" : {
      "Text" : "0x00",
      "Action" : 11
    },
    "0xf709-0x20000" : {
      "Text" : "[17;2~",
      "Action" : 10
    },
    "0xf70c-0x20000" : {
      "Text" : "[20;2~",
      "Action" : 10
    },
    "0xf729-0x20000" : {
      "Text" : "[1;2H",
      "Action" : 10
    },
    "0xf72b-0x40000" : {
      "Text" : "[1;5F",
      "Action" : 10
    },
    "0xf705-0x20000" : {
      "Text" : "[1;2Q",
      "Action" : 10
    },
    "0xf703-0x260000" : {
      "Text" : "[1;6C",
      "Action" : 10
    },
    "0xf700-0x220000" : {
      "Text" : "[1;2A",
      "Action" : 10
    },
    "0xf701-0x280000" : {
      "Text" : "0x1b 0x1b 0x5b 0x42",
      "Action" : 11
    },
    "0x38-0x40000" : {
      "Text" : "0x7f",
      "Action" : 11
    },
    "0x33-0x40000" : {
      "Text" : "0x1b",
      "Action" : 11
    },
    "0xf703-0x220000" : {
      "Text" : "[1;2C",
      "Action" : 10
    },
    "0xf701-0x240000" : {
      "Text" : "[1;5B",
      "Action" : 10
    },
    "0xf70d-0x20000" : {
      "Text" : "[21;2~",
      "Action" : 10
    },
    "0xf702-0x260000" : {
      "Text" : "[1;6D",
      "Action" : 10
    },
    "0xf729-0x40000" : {
      "Text" : "[1;5H",
      "Action" : 10
    },
    "0xf706-0x20000" : {
      "Text" : "[1;2R",
      "Action" : 10
    },
    "0x34-0x40000" : {
      "Text" : "0x1c",
      "Action" : 11
    },
    "0xf700-0x280000" : {
      "Text" : "0x1b 0x1b 0x5b 0x41",
      "Action" : 11
    },
    "0x2d-0x40000" : {
      "Text" : "0x1f",
      "Action" : 11
    },
    "0xf70e-0x20000" : {
      "Text" : "[23;2~",
      "Action" : 10
    },
    "0xf702-0x220000" : {
      "Text" : "[1;2D",
      "Action" : 10
    },
    "0xf703-0x280000" : {
      "Text" : "0x1b 0x1b 0x5b 0x43",
      "Action" : 11
    },
    "0xf700-0x240000" : {
      "Text" : "[1;5A",
      "Action" : 10
    },
    "0xf707-0x20000" : {
      "Text" : "[1;2S",
      "Action" : 10
    },
    "0xf70a-0x20000" : {
      "Text" : "[18;2~",
      "Action" : 10
    },
    "0x35-0x40000" : {
      "Text" : "0x1d",
      "Action" : 11
    },
    "0xf70f-0x20000" : {
      "Text" : "[24;2~",
      "Action" : 10
    },
    "0xf703-0x240000" : {
      "Text" : "[1;5C",
      "Action" : 10
    },
    "0xf701-0x260000" : {
      "Text" : "[1;6B",
      "Action" : 10
    },
    "0xf702-0x280000" : {
      "Text" : "0x1b 0x1b 0x5b 0x44",
      "Action" : 11
    },
    "0xf72b-0x20000" : {
      "Text" : "[1;2F",
      "Action" : 10
    },
    "0x36-0x40000" : {
      "Text" : "0x1e",
      "Action" : 11
    },
    "0xf708-0x20000" : {
      "Text" : "[15;2~",
      "Action" : 10
    },
    "0xf701-0x220000" : {
      "Text" : "[1;2B",
      "Action" : 10
    },
    "0xf70b-0x20000" : {
      "Text" : "[19;2~",
      "Action" : 10
    },
    "0xf702-0x240000" : {
      "Text" : "[1;5D",
      "Action" : 10
    },
    "0xf704-0x20000" : {
      "Text" : "[1;2P",
      "Action" : 10
    }
  },
  "Window Type" : 0,
  "Blink Allowed" : true,
  "Cursor Type" : 2,
  "Background Image Location" : "",
  "Blur" : false,
  "Badge Color" : {
    "Red Component" : 1,
    "Color Space" : "sRGB",
    "Blue Component" : 0,
    "Alpha Component" : 0.5,
    "Green Component" : 0.1491314172744751
  },
  "Scrollback Lines" : 0,
  "Send Code When Idle" : false,
  "Close Sessions On End" : true,
  "Terminal Type" : "xterm-256color",
  "Visual Bell" : true,
  "Flashing Bell" : true,
  "Status Bar Layout" : {
    "components" : [
      {
        "class" : "iTermStatusBarSpringComponent",
        "configuration" : {
          "knobs" : {
            "base: priority" : 5,
            "iTermStatusBarSpringComponentSpringConstantKey" : 0.01,
            "base: compression resistance" : 1,
            "iTermStatusBarSpringComponentSizeMultipleKey" : 1
          },
          "layout advanced configuration dictionary value" : {
            "algorithm" : 0
          }
        }
      },
      {
        "class" : "iTermStatusBarSpringComponent",
        "configuration" : {
          "knobs" : {
            "base: priority" : 5,