{
  "Set Local Environment Vars" : true,
  "Tags" : [

  ],
  "Ansi 12 Color" : {
    "Red Component" : 0.72156863999999998,
    "Color Space" : "sRGB",
    "Blue Component" : 0.72156863999999998,
    "Green Component" : 0.72156863999999998
  },
  "Ansi 1 Color" : {
    "Red Component" : 0.67058825,
    "Color Space" : "sRGB",
    "Blue Component" : 0.25882354000000002,
    "Green Component" : 0.27450982000000002
  },
  "Draw Powerline Glyphs" : true,
  "Bold Color" : {
    "Red Component" : 0.84705883000000004,
    "Color Space" : "sRGB",
    "Blue Component" : 0.84705883000000004,
    "Green Component" : 0.84705883000000004
  },
  "Ansi 7 Color" : {
    "Red Component" : 0.84705883000000004,
    "Color Space" : "sRGB",
    "Blue Component" : 0.84705883000000004,
    "Green Component" : 0.84705883000000004
  },
  "Ansi 8 Color" : {
    "Red Component" : 0.34509804999999999,
    "Color Space" : "sRGB",
    "Blue Component" : 0.34509804999999999,
    "Green Component" : 0.34509804999999999
  },
  "Ansi 9 Color" : {
    "Red Component" : 0.86274510000000004,
    "Color Space" : "sRGB",
    "Blue Component" : 0.33725490000000002,
    "Green Component" : 0.58823530000000002
  },
  "Rows" : 35,
  "Default Bookmark" : "No",
  "Link Color" : {
    "Red Component" : 0,
    "Color Space" : "sRGB",
    "Blue Component" : 0.73423302173614502,
    "Alpha Component" : 1,
    "Green Component" : 0.35916060209274292
  },
  "Horizontal Spacing" : 1,
  "Cursor Guide Color" : {
    "Red Component" : 0.70213186740875244,
    "Color Space" : "sRGB",
    "Blue Component" : 1,
    "Alpha Component" : 0.25,
    "Green Component" : 0.9268307089805603
  },
  "Non-ASCII Anti Aliased" : true,
  "Use Bright Bold" : true,
  "Ansi 10 Color" : {
    "Red Component" : 0.15686275,
    "Color Space" : "sRGB",
    "Blue Component" : 0.15686275,
    "Green Component" : 0.15686275
  },
  "Icon" : 0,
  "Ambiguous Double Width" : false,
  "Jobs to Ignore" : [
    "rlogin",
    "ssh",
    "slogin",
    "telnet"
  ],
  "Show Status Bar" : true,
  "Ansi 15 Color" : {
    "Red Component" : 0.972549,
    "Color Space" : "sRGB",
    "Blue Component" : 0.972549,
    "Green Component" : 0.972549
  },
  "Foreground Color" : {
    "Red Component" : 0.84705883000000004,
    "Color Space" : "sRGB",
    "Blue Component" : 0.84705883000000004,
    "Green Component" : 0.84705883000000004
  },
  "Working Directory" : "\/Users\/simon",
  "Blinking Cursor" : true,
  "Disable Window Resizing" : true,
  "Sync Title" : false,
  "Prompt Before Closing 2" : false,
  "BM Growl" : true,
  "Mouse Reporting" : false,
  "Command" : "",
  "Description" : "Default",
  "Screen" : -1,
  "Selection Color" : {
    "Red Component" : 0.21960784,
    "Color Space" : "sRGB",
    "Blue Component" : 0.21960784,
    "Green Component" : 0.21960784
  },
  "Columns" : 110,
  "Idle Code" : 0,
  "Ansi 13 Color" : {
    "Red Component" : 0.9098039,
    "Color Space" : "sRGB",
    "Blue Component" : 0.9098039,
    "Green Component" : 0.9098039
  },
  "Title Components" : 390,
  "Custom Command" : "No",
  "ASCII Anti Aliased" : true,
  "Non Ascii Font" : "Monaco 12",
  "Vertical Spacing" : 1,
  "Use Bold Font" : false,
  "Option Key Sends" : 0,
  "Selected Text Color" : {
    "Red Component" : 0.84705883000000004,
    "Color Space" : "sRGB",
    "Blue Component" : 0.84705883000000004,
    "Green Component" : 0.84705883000000004
  },
  "Background Color" : {
    "Red Component" : 0.094117649999999997,
    "Color Space" : "sRGB",
    "Blue Component" : 0.094117649999999997,
    "Green Component" : 0.094117649999999997
  },
  "Character Encoding" : 4,
  "Ansi 11 Color" : {
    "Red Component" : 0.21960784,
    "Color Space" : "sRGB",
    "Blue Component" : 0.21960784,
    "Green Component" : 0.21960784
  },
  "Use Italic Font" : true,
  "Unlimited Scrollback" : true,
  "Keyboard Map" : {
    "0xf700-0x260000" : {
      "Action" : 10,
      "Text" : "[1;6A"
    },
    "0x37-0x40000" : {
      "Action" : 11,
      "Text" : "0x1f"
    },
    "0x32-0x40000" : {
      "Action" : 11,
      "Text" : "0x00"
    },
    "0xf709-0x20000" : {
      "Action" : 10,
      "Text" : "[17;2~"
    },
    "0xf70c-0x20000" : {
      "Action" : 10,
      "Text" : "[20;2~"
    },
    "0xf729-0x20000" : {
      "Action" : 10,
      "Text" : "[1;2H"
    },
    "0xf72b-0x40000" : {
      "Action" : 10,
      "Text" : "[1;5F"
    },
    "0xf705-0x20000" : {
      "Action" : 10,
      "Text" : "[1;2Q"
    },
    "0xf703-0x260000" : {
      "Action" : 10,
      "Text" : "[1;6C"
    },
    "0xf700-0x220000" : {
      "Action" : 10,
      "Text" : "[1;2A"
    },
    "0xf701-0x280000" : {
      "Action" : 11,
      "Text" : "0x1b 0x1b 0x5b 0x42"
    },
    "0x38-0x40000" : {
      "Action" : 11,
      "Text" : "0x7f"
    },
    "0x33-0x40000" : {
      "Action" : 11,
      "Text" : "0x1b"
    },
    "0xf703-0x220000" : {
      "Action" : 10,
      "Text" : "[1;2C"
    },
    "0xf701-0x240000" : {
      "Action" : 10,
      "Text" : "[1;5B"
    },
    "0xf70d-0x20000" : {
      "Action" : 10,
      "Text" : "[21;2~"
    },
    "0xf702-0x260000" : {
      "Action" : 10,
      "Text" : "[1;6D"
    },
    "0xf729-0x40000" : {
      "Action" : 10,
      "Text" : "[1;5H"
    },
    "0xf706-0x20000" : {
      "Action" : 10,
      "Text" : "[1;2R"
    },
    "0x34-0x40000" : {
      "Action" : 11,
      "Text" : "0x1c"
    },
    "0xf700-0x280000" : {
      "Action" : 11,
      "Text" : "0x1b 0x1b 0x5b 0x41"
    },
    "0x2d-0x40000" : {
      "Action" : 11,
      "Text" : "0x1f"
    },
    "0xf70e-0x20000" : {
      "Action" : 10,
      "Text" : "[23;2~"
    },
    "0xf702-0x220000" : {
      "Action" : 10,
      "Text" : "[1;2D"
    },
    "0xf703-0x280000" : {
      "Action" : 11,
      "Text" : "0x1b 0x1b 0x5b 0x43"
    },
    "0xf700-0x240000" : {
      "Action" : 10,
      "Text" : "[1;5A"
    },
    "0xf707-0x20000" : {
      "Action" : 10,
      "Text" : "[1;2S"
    },
    "0xf70a-0x20000" : {
      "Action" : 10,
      "Text" : "[18;2~"
    },
    "0x35-0x40000" : {
      "Action" : 11,
      "Text" : "0x1d"
    },
    "0xf70f-0x20000" : {
      "Action" : 10,
      "Text" : "[24;2~"
    },
    "0xf703-0x240000" : {
      "Action" : 10,
      "Text" : "[1;5C"
    },
    "0xf701-0x260000" : {
      "Action" : 10,
      "Text" : "[1;6B"
    },
    "0xf702-0x280000" : {
      "Action" : 11,
      "Text" : "0x1b 0x1b 0x5b 0x44"
    },
    "0xf72b-0x20000" : {
      "Action" : 10,
      "Text" : "[1;2F"
    },
    "0x36-0x40000" : {
      "Action" : 11,
      "Text" : "0x1e"
    },
    "0xf708-0x20000" : {
      "Action" : 10,
      "Text" : "[15;2~"
    },
    "0xf701-0x220000" : {
      "Action" : 10,
      "Text" : "[1;2B"
    },
    "0xf70b-0x20000" : {
      "Action" : 10,
      "Text" : "[19;2~"
    },
    "0xf702-0x240000" : {
      "Action" : 10,
      "Text" : "[1;5D"
    },
    "0xf704-0x20000" : {
      "Action" : 10,
      "Text" : "[1;2P"
    }
  },
  "Window Type" : 0,
  "Blink Allowed" : true,
  "Cursor Type" : 2,
  "Background Image Location" : "",
  "Blur" : false,
  "Badge Color" : {
    "Red Component" : 1,
    "Color Space" : "sRGB",
    "Blue Component" : 0,
    "Alpha Component" : 0.5,
    "Green Component" : 0.1491314172744751
  },
  "Scrollback Lines" : 0,
  "Send Code When Idle" : false,
  "Close Sessions On End" : true,
  "Terminal Type" : "xterm-256color",
  "Visual Bell" : true,
  "Flashing Bell" : false,
  "Status Bar Layout" : {
    "components" : [
      {
        "class" : "iTermStatusBarSpringComponent",
        "configuration" : {
          "knobs" : {
            "base: priority" : 5,
            "iTermStatusBarSpringComponentSpringConstantKey" : 0.01,
            "base: compression resistance" : 1,
            "iTermStatusBarSpringComponentSizeMultipleKey" : 1
          },